{"cameraMode":{"drawMode":0,"name":"Shaded","section":"Shading Mode"},"sceneLighting":false,"audioPlay":false,"sceneViewState":{"m_AlwaysRefresh":false,"showFog":true,"showSkybox":true,"showFlares":true,"showImageEffects":true,"showParticleSystems":true,"showVisualEffectGraphs":true,"m_FxEnabled":true},"in2DMode":false,"pivot":{"x":88.86017608642578,"y":6.463413238525391,"z":-43.8729248046875},"rotation":{"x":-0.22246557474136353,"y":-0.023549305275082589,"z":0.005846131127327681,"w":-0.9747297167778015},"size":3.8736355304718019,"orthographic":false}